Time [s],Force [n]
0,0
0.00839999,0
0.0167,0
0.0251,0
0.0334,0
0.0417001,0
