Time,Value
0,0.0125
0.0056,0.0124978
0.0112,0.0124992
0.0167,0.0125121
0.0223,0.0125323
0.0278,0.0125534
0.0334,0.0125775
0.0389001,0.0126085
